<?xml version="1.0" encoding="UTF-8"?>
<custom-process-info
        name="Universal"
        fullName="Universal"
        version=""
        id="Univ">

    

        <phase name="Planning"
               longName="Planning"
               type="PLAN"
               isDevelopment=""
               isAfterDevelopment=""
               isQuality=""
               isAppraisal=""
               isInspection=""
               isFailure=""
               isOverhead="t"
               isPSP="t"
               isProbeTarget="t"
               />

    

        <phase name="Action"
               longName="Action"
               type="develop"
               isDevelopment="t"
               isAfterDevelopment=""
               isQuality=""
               isAppraisal=""
               isInspection=""
               isFailure=""
               isOverhead=""
               isPSP=""
               />

    

        <phase name="Creation"
               longName="Creation"
               type="develop"
               isDevelopment="t"
               isAfterDevelopment=""
               isQuality=""
               isAppraisal=""
               isInspection=""
               isFailure=""
               isOverhead=""
               isPSP=""
               />

    

        <phase name="Inspection"
               longName="Inspection"
               type="appraisal"
               isDevelopment=""
               isAfterDevelopment=""
               isQuality="t"
               isAppraisal="t"
               isInspection=""
               isFailure=""
               isOverhead=""
               isPSP=""
               />

    

        <phase name="Validation"
               longName="Validation"
               type="failure"
               isDevelopment=""
               isAfterDevelopment=""
               isQuality="t"
               isAppraisal=""
               isInspection=""
               isFailure="t"
               isOverhead=""
               isPSP=""
               />

    

        <phase name="Retrospective"
               longName="Retrospective"
               type="PM"
               isDevelopment=""
               isAfterDevelopment=""
               isQuality=""
               isAppraisal=""
               isInspection=""
               isFailure=""
               isOverhead="t"
               isPSP=""
               />

    

        <phase name="Miscellaneous"
               longName="Miscellaneous"
               type="overhead"
               isDevelopment=""
               isAfterDevelopment=""
               isQuality=""
               isAppraisal=""
               isInspection=""
               isFailure=""
               isOverhead="t"
               isPSP=""
               />

    

    <sizeMetric name="Pages"
                    longName="Pages" />

    <sizeMetric name="Words"
                    longName="Words" />

    <sizeMetric name="Story Points"
                    longName="Story Points" />

    

    

    <sizeMetric name="New &amp; Changed LOC" longName="LOC" />

</custom-process-info>
