<?xml version='1.0' encoding='UTF-8' ?>
<timeLogEntries>
  <time id="1" path="/Proyecto/PSP0.1/Planning" start="@1764779923475" delta="11" flag="A" />
  <time id="2" path="/Proyecto/PSP0.1/Design" start="@1764780605811" delta="24" flag="A" />
  <time id="3" path="/Proyecto/PSP0.1/Code" start="@1764782052887" delta="17" flag="A" />
  <time id="4" path="/Proyecto/PSP0.1/Compile" start="@1764783097745" delta="25" flag="A" />
  <time id="5" path="/Proyecto/PSP0.1/Test" start="@1764784588226" delta="5" flag="A" />
  <time id="6" path="/Proyecto/PSP0.1/Postmortem" start="@1764784883715" delta="7" flag="A" />
  <time id="7" path="/Proyecto/PSP0.1/Design" start="@1764785282654" delta="1" flag="A" />
  <time id="8" path="/Proyecto/PSP0.1/Code" start="@1764785283690" delta="1" flag="A" />
  <time id="9" path="/Proyecto/PSP0.1/Test" start="@1764785285109" delta="1" flag="A" />
  <time id="10" path="/Proyecto/PSP0.1/Postmortem" start="@1764785285824" flag="A" />
</timeLogEntries>
